feature,IV
RevolvingUtilizationOfUnsecuredLines,1.0591807370127277
NumberOfTimes90DaysLate,0.8290838458178379
NumberOfTime30-59DaysPastDueNotWorse,0.7043964651463078
NumberOfTime60-89DaysPastDueNotWorse,0.5535598788636291
age,0.24992938835353684
DebtRatio,0.05946847040934592
NumberOfOpenCreditLinesAndLoans,0.04800470705232217
MonthlyIncome,0.0398313358786789
NumberOfDependents,0.014377646908242267
NumberRealEstateLoansOrLines,0.012094564947343008
Income_Missing,0.007726868175074927
Missing_Dependents,0.0036405377970867834
